response_id,flag_partial,flag_speeder,flag_straightliner,flag_attention_fail,flag_invalid_value,flag_logic_error,flag_duplicate_like,flag_low_quality_open_text,total_flags,qc_flagged,behavioural_flag_count,recommended_exclude,recommended_review
R00001,False,False,False,False,False,False,False,False,0,False,0,False,False
R00002,False,False,False,False,False,False,False,False,0,False,0,False,False
R00003,False,False,False,False,False,False,False,False,0,False,0,False,False
R00004,False,False,False,False,False,False,False,False,0,False,0,False,False
R00005,False,False,False,False,False,False,False,False,0,False,0,False,False
R00006,False,False,False,False,False,False,False,False,0,False,0,False,False
R00007,False,False,False,False,False,False,False,False,0,False,0,False,False
R00008,False,False,False,False,False,False,False,False,0,False,0,False,False
R00009,False,False,False,False,False,True,False,False,1,True,1,False,True
R00010,False,False,False,True,False,False,False,False,1,True,1,False,True
R00011,False,False,False,False,False,False,False,False,0,False,0,False,False
R00012,False,False,False,False,False,False,False,False,0,False,0,False,False
R00013,False,False,False,False,False,False,False,False,0,False,0,False,False
R00014,False,False,False,False,False,False,False,False,0,False,0,False,False
R00015,False,False,False,False,False,False,False,False,0,False,0,False,False
R00016,False,False,False,False,False,False,False,False,0,False,0,False,False
R00017,False,False,False,False,False,False,False,False,0,False,0,False,False
R00018,False,False,False,False,False,False,False,False,0,False,0,False,False
R00019,False,False,False,False,False,False,False,False,0,False,0,False,False
R00020,False,False,False,False,False,False,False,False,0,False,0,False,False
R00021,False,False,False,False,False,False,False,False,0,False,0,False,False
R00022,False,False,False,False,False,False,False,False,0,False,0,False,False
R00023,False,False,False,False,False,False,False,False,0,False,0,False,False
R00024,False,False,False,False,False,False,False,False,0,False,0,False,False
R00025,False,False,False,False,False,False,False,False,0,False,0,False,False
R00026,False,False,False,False,False,False,False,False,0,False,0,False,False
R00027,False,False,False,False,False,False,False,False,0,False,0,False,False
R00028,False,True,False,False,False,False,False,False,1,True,1,False,True
R00029,False,False,False,False,False,False,False,False,0,False,0,False,False
R00030,False,False,True,False,False,False,False,False,1,True,1,False,True
R00031,False,False,False,False,False,False,False,False,0,False,0,False,False
R00032,False,False,False,False,False,False,False,False,0,False,0,False,False
R00033,False,False,False,False,False,False,False,False,0,False,0,False,False
R00034,False,False,False,False,False,False,False,False,0,False,0,False,False
R00035,False,False,False,False,False,False,False,False,0,False,0,False,False
R00036,False,False,False,False,False,False,False,False,0,False,0,False,False
R00037,False,False,False,False,False,False,False,False,0,False,0,False,False
R00038,False,False,False,False,False,False,False,False,0,False,0,False,False
R00039,False,False,False,False,False,False,False,False,0,False,0,False,False
R00040,False,False,False,False,False,False,False,False,0,False,0,False,False
R00041,False,False,False,False,False,False,False,False,0,False,0,False,False
R00042,False,False,False,False,False,False,False,False,0,False,0,False,False
R00043,False,False,False,True,False,False,False,False,1,True,1,False,True
R00044,False,False,False,False,False,False,False,False,0,False,0,False,False
R00045,False,False,True,False,False,False,False,True,2,True,2,True,False
R00046,False,False,False,True,False,False,False,False,1,True,1,False,True
R00047,False,False,False,False,False,False,False,False,0,False,0,False,False
R00048,False,False,False,False,False,False,False,False,0,False,0,False,False
R00049,False,False,False,False,False,False,False,False,0,False,0,False,False
R00050,False,False,False,False,False,False,False,False,0,False,0,False,False
R00051,False,False,False,False,False,False,False,False,0,False,0,False,False
R00052,False,False,False,False,False,False,True,False,1,True,0,True,False
R00053,False,False,False,False,False,False,False,False,0,False,0,False,False
R00054,False,False,False,False,False,False,False,False,0,False,0,False,False
R00055,False,False,False,False,False,False,False,False,0,False,0,False,False
R00056,False,False,False,False,False,False,False,False,0,False,0,False,False
R00057,False,False,False,False,False,False,False,False,0,False,0,False,False
R00058,False,False,False,False,False,False,False,False,0,False,0,False,False
R00059,False,False,False,False,False,False,False,False,0,False,0,False,False
R00060,False,False,False,False,False,False,False,False,0,False,0,False,False
R00061,False,False,False,False,False,False,False,False,0,False,0,False,False
R00062,False,False,False,False,False,True,False,False,1,True,1,False,True
R00063,False,False,False,False,False,False,False,False,0,False,0,False,False
R00064,False,False,False,False,False,False,False,False,0,False,0,False,False
R00065,False,False,False,False,False,False,False,False,0,False,0,False,False
R00066,False,False,False,False,False,False,False,False,0,False,0,False,False
R00067,False,False,False,False,False,False,False,False,0,False,0,False,False
R00068,False,False,False,False,False,False,False,False,0,False,0,False,False
R00069,False,False,False,False,False,False,False,False,0,False,0,False,False
R00070,False,False,False,False,False,False,False,False,0,False,0,False,False
R00071,False,True,False,False,False,False,False,False,1,True,1,False,True
R00072,False,False,False,False,False,False,False,False,0,False,0,False,False
R00073,False,False,False,False,False,False,False,False,0,False,0,False,False
R00074,False,False,False,False,False,True,False,False,1,True,1,False,True
R00075,False,False,False,False,False,False,False,False,0,False,0,False,False
R00076,False,False,False,False,False,False,False,False,0,False,0,False,False
R00077,False,True,False,False,False,True,False,False,2,True,2,True,False
R00078,False,False,False,False,False,False,False,False,0,False,0,False,False
R00079,False,False,False,False,False,False,False,False,0,False,0,False,False
R00080,False,False,True,False,False,False,False,False,1,True,1,False,True
R00081,False,True,False,False,False,False,False,False,1,True,1,False,True
R00082,False,False,False,False,False,False,True,False,1,True,0,True,False
R00083,False,False,False,False,False,False,False,False,0,False,0,False,False
R00084,False,False,False,False,False,False,False,False,0,False,0,False,False
R00085,False,False,False,False,False,False,True,False,1,True,0,True,False
R00086,False,False,False,False,False,False,False,False,0,False,0,False,False
R00087,False,False,False,False,False,False,False,False,0,False,0,False,False
R00088,False,False,False,False,False,False,False,False,0,False,0,False,False
R00089,False,False,False,False,False,False,False,False,0,False,0,False,False
R00090,False,False,False,False,False,False,False,False,0,False,0,False,False
R00091,False,False,False,False,False,False,False,False,0,False,0,False,False
R00092,False,False,False,False,False,False,False,False,0,False,0,False,False
R00093,False,False,False,False,False,False,False,True,1,True,1,False,True
R00094,False,False,False,False,False,False,False,False,0,False,0,False,False
R00095,False,False,False,False,False,False,False,False,0,False,0,False,False
R00096,False,False,False,False,False,False,False,False,0,False,0,False,False
R00097,False,False,False,False,False,False,False,False,0,False,0,False,False
R00098,False,False,False,False,False,False,False,False,0,False,0,False,False
R00099,False,False,False,False,False,False,False,False,0,False,0,False,False
R00100,False,False,False,False,False,False,False,False,0,False,0,False,False
R00101,False,False,False,False,False,False,False,False,0,False,0,False,False
R00102,False,False,False,False,False,False,False,False,0,False,0,False,False
R00103,False,False,False,False,False,False,False,False,0,False,0,False,False
R00104,False,False,False,True,False,False,False,False,1,True,1,False,True
R00105,False,False,False,False,False,False,False,False,0,False,0,False,False
R00106,False,False,False,False,False,False,False,False,0,False,0,False,False
R00107,False,False,False,False,False,False,False,False,0,False,0,False,False
R00108,False,False,False,True,False,False,False,False,1,True,1,False,True
R00109,False,False,False,False,False,False,False,False,0,False,0,False,False
R00110,False,False,False,False,False,False,False,False,0,False,0,False,False
R00111,False,True,True,False,False,False,False,False,2,True,2,True,False
R00112,False,False,False,False,False,False,False,False,0,False,0,False,False
R00113,False,False,False,False,False,False,False,False,0,False,0,False,False
R00114,False,False,False,False,False,False,False,False,0,False,0,False,False
R00115,False,False,False,False,False,False,False,False,0,False,0,False,False
R00116,False,False,False,False,False,False,False,False,0,False,0,False,False
R00117,False,False,False,False,False,False,False,False,0,False,0,False,False
R00118,False,False,False,True,False,False,False,False,1,True,1,False,True
R00119,False,False,False,False,False,False,False,False,0,False,0,False,False
R00120,False,False,False,False,False,False,False,False,0,False,0,False,False
R00121,False,False,False,False,False,False,False,False,0,False,0,False,False
R00122,False,False,False,False,False,False,False,False,0,False,0,False,False
R00123,False,False,False,False,False,False,False,True,1,True,1,False,True
R00124,False,False,False,False,False,False,False,False,0,False,0,False,False
R00125,False,False,False,False,False,False,False,False,0,False,0,False,False
R00126,False,False,False,False,False,False,False,False,0,False,0,False,False
R00127,False,False,False,False,False,False,False,False,0,False,0,False,False
R00128,False,False,False,False,False,False,False,False,0,False,0,False,False
R00129,False,False,False,False,False,False,False,False,0,False,0,False,False
R00130,False,False,False,False,False,False,False,False,0,False,0,False,False
R00131,False,True,False,False,False,False,False,False,1,True,1,False,True
R00132,False,False,False,False,False,False,False,False,0,False,0,False,False
R00133,False,False,False,False,False,True,False,False,1,True,1,False,True
R00134,False,False,True,False,False,False,False,False,1,True,1,False,True
R00135,False,False,False,False,False,False,False,False,0,False,0,False,False
R00136,False,False,False,False,False,False,False,False,0,False,0,False,False
R00137,False,False,False,False,False,False,False,False,0,False,0,False,False
R00138,False,False,False,False,False,False,False,False,0,False,0,False,False
R00139,False,False,False,False,False,False,False,False,0,False,0,False,False
R00140,False,True,False,False,False,False,False,False,1,True,1,False,True
R00141,False,False,False,False,False,False,False,False,0,False,0,False,False
R00142,False,False,False,False,False,False,False,False,0,False,0,False,False
R00143,False,False,False,False,False,False,False,False,0,False,0,False,False
R00144,False,False,False,False,False,False,False,False,0,False,0,False,False
R00145,False,False,False,True,False,True,False,False,2,True,2,True,False
R00146,False,False,False,False,False,False,True,False,1,True,0,True,False
R00147,False,False,False,False,False,False,False,False,0,False,0,False,False
R00148,False,False,False,False,False,False,False,False,0,False,0,False,False
R00149,False,False,False,True,False,True,False,False,2,True,2,True,False
R00150,False,False,False,False,False,False,False,False,0,False,0,False,False
R00151,False,False,False,False,False,False,False,False,0,False,0,False,False
R00152,False,False,False,False,False,False,False,False,0,False,0,False,False
R00153,False,False,True,False,False,False,False,False,1,True,1,False,True
R00154,False,False,False,False,False,False,False,False,0,False,0,False,False
R00155,False,False,False,False,False,False,False,False,0,False,0,False,False
R00156,False,False,False,False,False,True,False,False,1,True,1,False,True
R00157,False,False,False,True,False,False,False,False,1,True,1,False,True
R00158,False,False,False,False,False,False,False,False,0,False,0,False,False
R00159,False,False,False,False,False,False,False,False,0,False,0,False,False
R00160,False,False,True,False,False,False,False,False,1,True,1,False,True
R00161,False,False,False,False,False,False,False,False,0,False,0,False,False
R00162,False,False,False,False,False,False,False,False,0,False,0,False,False
R00163,False,False,False,False,False,False,False,False,0,False,0,False,False
R00164,False,False,False,False,False,False,False,False,0,False,0,False,False
R00165,False,False,False,False,False,False,False,False,0,False,0,False,False
R00166,False,False,False,False,False,False,False,False,0,False,0,False,False
R00167,False,False,False,False,False,False,False,False,0,False,0,False,False
R00168,False,False,False,False,False,False,False,False,0,False,0,False,False
R00169,False,False,False,False,False,False,False,False,0,False,0,False,False
R00170,False,False,False,False,False,False,False,False,0,False,0,False,False
R00171,False,False,False,True,False,False,False,False,1,True,1,False,True
R00172,False,False,False,False,False,False,False,False,0,False,0,False,False
R00173,False,False,False,False,False,False,False,False,0,False,0,False,False
R00174,False,False,False,False,False,False,False,False,0,False,0,False,False
R00175,False,False,False,False,False,False,False,False,0,False,0,False,False
R00176,False,False,False,False,False,False,False,False,0,False,0,False,False
R00177,False,False,False,False,False,False,False,False,0,False,0,False,False
R00178,False,False,False,False,False,False,False,False,0,False,0,False,False
R00179,False,False,False,False,False,False,False,False,0,False,0,False,False
R00180,False,True,False,False,False,True,False,False,2,True,2,True,False
R00181,False,False,True,False,False,False,False,False,1,True,1,False,True
R00182,False,False,False,False,False,False,False,False,0,False,0,False,False
R00183,False,False,False,False,False,False,False,False,0,False,0,False,False
R00184,False,False,False,True,False,True,False,False,2,True,2,True,False
R00185,False,False,False,False,False,False,False,False,0,False,0,False,False
R00186,False,False,False,False,False,False,False,False,0,False,0,False,False
R00187,False,True,False,False,False,False,False,False,1,True,1,False,True
R00188,False,False,False,False,False,False,False,False,0,False,0,False,False
R00189,False,False,False,False,False,False,False,False,0,False,0,False,False
R00190,False,False,False,False,False,False,False,False,0,False,0,False,False
R00191,False,False,False,False,False,False,False,False,0,False,0,False,False
R00192,False,False,False,False,False,False,False,False,0,False,0,False,False
R00193,False,False,False,False,False,False,False,False,0,False,0,False,False
R00194,False,False,False,False,False,False,False,False,0,False,0,False,False
R00195,False,False,False,False,False,False,False,False,0,False,0,False,False
R00196,False,False,False,False,False,False,False,False,0,False,0,False,False
R00197,False,False,True,False,False,False,False,False,1,True,1,False,True
R00198,False,False,False,False,False,False,False,False,0,False,0,False,False
R00199,False,False,False,False,False,False,False,False,0,False,0,False,False
R00200,False,False,False,False,False,False,False,False,0,False,0,False,False
R00201,False,False,False,False,False,False,False,False,0,False,0,False,False
R00202,False,False,False,False,False,False,False,False,0,False,0,False,False
R00203,False,True,False,False,False,False,False,False,1,True,1,False,True
R00204,False,False,False,False,False,False,False,False,0,False,0,False,False
R00205,False,False,False,False,False,True,False,False,1,True,1,False,True
R00206,False,False,False,False,False,False,False,False,0,False,0,False,False
R00207,False,False,False,False,False,False,False,False,0,False,0,False,False
R00208,False,False,False,False,False,False,False,False,0,False,0,False,False
R00209,False,False,False,False,False,False,False,False,0,False,0,False,False
R00210,False,False,False,False,False,False,False,False,0,False,0,False,False
R00211,False,False,False,False,False,False,False,False,0,False,0,False,False
R00212,False,False,False,False,False,False,False,False,0,False,0,False,False
R00213,False,False,False,True,False,False,False,False,1,True,1,False,True
R00214,False,False,False,False,False,False,False,False,0,False,0,False,False
R00215,False,False,False,False,False,False,False,False,0,False,0,False,False
R00216,False,False,False,False,False,False,False,False,0,False,0,False,False
R00217,False,False,False,False,False,False,False,False,0,False,0,False,False
R00218,False,False,False,False,False,False,False,False,0,False,0,False,False
R00219,False,False,False,False,False,False,False,False,0,False,0,False,False
R00220,False,False,False,False,False,False,False,False,0,False,0,False,False
R00221,False,True,False,False,False,False,False,False,1,True,1,False,True
R00222,False,False,False,True,False,False,False,False,1,True,1,False,True
R00223,False,False,False,True,False,False,False,False,1,True,1,False,True
R00224,False,False,False,False,False,False,False,False,0,False,0,False,False
R00225,False,False,False,False,False,False,False,False,0,False,0,False,False
R00226,False,False,False,False,False,False,False,False,0,False,0,False,False
R00227,False,False,False,False,False,False,False,False,0,False,0,False,False
R00228,False,False,False,False,False,False,False,False,0,False,0,False,False
R00229,False,False,False,True,False,False,False,False,1,True,1,False,True
R00230,False,False,False,False,False,True,False,False,1,True,1,False,True
R00231,False,False,False,False,False,False,False,False,0,False,0,False,False
R00232,False,False,False,False,False,False,False,False,0,False,0,False,False
R00233,False,False,False,False,False,False,False,False,0,False,0,False,False
R00234,False,False,False,False,False,False,False,False,0,False,0,False,False
R00235,False,False,False,False,False,False,False,False,0,False,0,False,False
R00236,False,False,False,False,False,False,False,False,0,False,0,False,False
R00237,False,False,False,False,False,False,False,False,0,False,0,False,False
R00238,False,False,False,False,False,False,False,False,0,False,0,False,False
R00239,False,False,False,False,False,False,False,False,0,False,0,False,False
R00240,False,True,False,False,False,False,False,False,1,True,1,False,True
R00241,False,False,False,False,False,False,False,False,0,False,0,False,False
R00242,False,False,False,False,False,False,False,False,0,False,0,False,False
R00243,False,False,False,False,False,False,False,False,0,False,0,False,False
R00244,False,False,False,False,False,False,False,False,0,False,0,False,False
R00245,False,False,False,False,False,False,False,True,1,True,1,False,True
R00246,False,False,False,False,False,False,False,False,0,False,0,False,False
R00247,False,False,False,False,False,False,False,False,0,False,0,False,False
R00248,False,False,False,False,False,False,False,False,0,False,0,False,False
R00249,False,False,False,False,False,False,False,False,0,False,0,False,False
R00250,False,False,False,False,False,False,False,False,0,False,0,False,False
R00251,False,False,False,False,False,False,False,False,0,False,0,False,False
R00252,False,False,False,False,False,False,False,False,0,False,0,False,False
R00253,False,False,False,False,False,False,False,True,1,True,1,False,True
R00254,False,False,False,False,False,False,False,False,0,False,0,False,False
R00255,False,False,False,False,False,False,False,False,0,False,0,False,False
R00256,False,False,False,False,False,False,False,False,0,False,0,False,False
R00257,False,False,False,False,False,False,False,False,0,False,0,False,False
R00258,False,False,False,False,False,False,False,False,0,False,0,False,False
R00259,False,False,False,False,False,False,False,False,0,False,0,False,False
R00260,False,False,False,False,False,False,False,False,0,False,0,False,False
R00261,False,False,True,False,False,False,False,False,1,True,1,False,True
R00262,False,False,False,False,False,False,False,False,0,False,0,False,False
R00263,False,False,False,False,False,False,False,False,0,False,0,False,False
R00264,False,False,False,False,False,False,False,False,0,False,0,False,False
R00265,False,False,False,False,False,False,False,False,0,False,0,False,False
R00266,False,False,False,False,False,False,False,False,0,False,0,False,False
R00267,False,False,False,False,False,False,False,False,0,False,0,False,False
R00268,False,False,False,False,False,False,False,False,0,False,0,False,False
R00269,False,False,False,False,False,False,False,False,0,False,0,False,False
R00270,False,False,False,False,False,False,False,False,0,False,0,False,False
R00271,False,False,False,False,False,False,False,False,0,False,0,False,False
R00272,False,False,False,False,False,False,False,False,0,False,0,False,False
R00273,False,False,False,False,False,False,False,False,0,False,0,False,False
R00274,False,False,False,False,False,False,False,False,0,False,0,False,False
R00275,False,False,False,False,False,False,False,False,0,False,0,False,False
R00276,False,False,False,False,False,False,False,False,0,False,0,False,False
R00277,False,False,False,False,False,False,False,False,0,False,0,False,False
R00278,False,False,False,False,False,False,False,False,0,False,0,False,False
R00279,False,False,False,False,False,False,False,False,0,False,0,False,False
R00280,False,True,False,True,False,False,False,False,2,True,2,True,False
R00281,False,False,False,False,False,False,False,True,1,True,1,False,True
R00282,False,False,False,False,False,False,False,False,0,False,0,False,False
R00283,False,True,False,False,False,False,False,True,2,True,2,True,False
R00284,False,True,False,False,False,False,False,False,1,True,1,False,True
R00285,False,False,False,False,False,False,False,False,0,False,0,False,False
R00286,False,False,False,False,False,False,False,False,0,False,0,False,False
R00287,False,True,False,False,False,False,False,False,1,True,1,False,True
R00288,False,False,False,False,False,False,False,False,0,False,0,False,False
R00289,False,False,False,False,False,False,False,False,0,False,0,False,False
R00290,False,False,False,False,False,False,False,False,0,False,0,False,False
R00291,False,False,False,False,False,False,False,False,0,False,0,False,False
R00292,False,False,False,False,False,False,False,False,0,False,0,False,False
R00293,False,False,False,False,False,False,False,False,0,False,0,False,False
R00294,False,False,False,False,False,False,False,False,0,False,0,False,False
R00295,False,False,False,False,False,False,False,False,0,False,0,False,False
R00296,False,False,True,False,False,False,False,False,1,True,1,False,True
R00297,False,False,False,False,False,False,False,False,0,False,0,False,False
R00298,False,False,False,False,False,False,False,False,0,False,0,False,False
R00299,False,False,False,False,False,False,False,False,0,False,0,False,False
R00300,False,False,False,False,False,False,False,False,0,False,0,False,False
R00301,False,False,False,False,False,False,False,False,0,False,0,False,False
R00302,False,False,False,False,False,False,False,False,0,False,0,False,False
R00303,False,False,False,False,False,False,False,False,0,False,0,False,False
R00304,False,False,False,False,True,False,False,False,1,True,0,True,False
R00305,False,False,False,False,False,False,False,False,0,False,0,False,False
R00306,False,False,False,False,False,False,False,False,0,False,0,False,False
R00307,False,False,False,False,False,False,False,False,0,False,0,False,False
R00308,False,False,False,False,False,False,False,True,1,True,1,False,True
R00309,False,False,False,False,False,False,False,False,0,False,0,False,False
R00310,False,True,False,False,False,False,False,False,1,True,1,False,True
R00311,False,False,False,False,False,False,False,False,0,False,0,False,False
R00312,False,False,False,False,False,False,False,False,0,False,0,False,False
R00313,False,False,False,False,False,False,False,False,0,False,0,False,False
R00314,False,False,False,False,False,False,False,False,0,False,0,False,False
R00315,False,False,False,False,False,False,False,False,0,False,0,False,False
R00316,False,False,False,False,False,False,False,False,0,False,0,False,False
R00317,False,False,False,False,False,False,False,False,0,False,0,False,False
R00318,False,False,False,False,False,False,False,False,0,False,0,False,False
R00319,False,False,False,False,False,False,False,False,0,False,0,False,False
R00320,False,False,False,False,False,False,False,False,0,False,0,False,False
R00321,False,False,False,False,False,False,False,False,0,False,0,False,False
R00322,False,False,False,False,False,False,False,False,0,False,0,False,False
R00323,False,False,False,False,False,False,False,False,0,False,0,False,False
R00324,False,False,False,False,False,False,False,False,0,False,0,False,False
R00325,False,False,False,False,False,False,False,False,0,False,0,False,False
R00326,False,False,False,False,False,False,False,False,0,False,0,False,False
R00327,False,False,False,False,False,False,False,False,0,False,0,False,False
R00328,False,False,False,False,False,False,False,False,0,False,0,False,False
R00329,False,False,False,False,False,False,False,False,0,False,0,False,False
R00330,False,False,False,False,False,False,False,False,0,False,0,False,False
R00331,False,False,False,False,False,False,False,True,1,True,1,False,True
R00332,False,False,True,False,False,False,False,False,1,True,1,False,True
R00333,False,False,False,True,False,False,False,False,1,True,1,False,True
R00334,False,True,False,False,False,False,False,False,1,True,1,False,True
R00335,False,True,False,False,False,False,False,False,1,True,1,False,True
R00336,False,False,False,False,False,False,False,False,0,False,0,False,False
R00337,False,False,False,False,False,True,False,True,2,True,2,True,False
R00338,False,False,False,False,False,False,False,False,0,False,0,False,False
R00339,False,False,False,False,False,False,False,False,0,False,0,False,False
R00340,False,False,False,False,False,False,True,False,1,True,0,True,False
R00341,False,True,False,False,False,False,False,False,1,True,1,False,True
R00342,False,False,False,False,False,False,False,True,1,True,1,False,True
R00343,False,False,False,False,False,False,False,False,0,False,0,False,False
R00344,False,False,False,False,False,False,False,False,0,False,0,False,False
R00345,False,False,False,False,False,False,False,False,0,False,0,False,False
R00346,False,False,True,False,False,False,False,False,1,True,1,False,True
R00347,False,False,False,False,False,False,False,False,0,False,0,False,False
R00348,False,False,False,False,False,False,False,False,0,False,0,False,False
R00349,False,False,False,True,False,False,False,False,1,True,1,False,True
R00350,False,False,True,False,False,False,False,False,1,True,1,False,True
R00351,False,False,False,False,False,False,False,False,0,False,0,False,False
R00352,False,False,False,False,False,False,False,False,0,False,0,False,False
R00353,False,False,False,False,False,False,False,False,0,False,0,False,False
R00354,False,False,False,False,False,False,False,False,0,False,0,False,False
R00355,False,False,False,False,False,False,False,False,0,False,0,False,False
R00356,False,False,False,False,False,False,False,False,0,False,0,False,False
R00357,False,False,False,False,False,False,False,False,0,False,0,False,False
R00358,False,False,False,False,False,False,False,False,0,False,0,False,False
R00359,False,False,False,False,False,False,False,False,0,False,0,False,False
R00360,False,False,False,False,False,False,False,False,0,False,0,False,False
R00361,False,False,True,False,False,True,False,False,2,True,2,True,False
R00362,False,False,False,False,False,False,False,False,0,False,0,False,False
R00363,False,False,False,False,False,False,False,False,0,False,0,False,False
R00364,False,False,False,False,False,False,False,False,0,False,0,False,False
R00365,False,False,False,False,False,False,False,False,0,False,0,False,False
R00366,False,False,False,False,False,False,False,False,0,False,0,False,False
R00367,False,False,False,False,False,False,False,False,0,False,0,False,False
R00368,False,False,False,False,False,False,False,False,0,False,0,False,False
R00369,False,False,False,False,False,False,False,False,0,False,0,False,False
R00370,False,False,False,False,False,False,False,False,0,False,0,False,False
R00371,False,False,False,False,False,False,False,False,0,False,0,False,False
R00372,False,False,False,False,False,False,False,False,0,False,0,False,False
R00373,False,False,False,False,False,False,False,False,0,False,0,False,False
R00374,False,False,False,False,False,False,False,False,0,False,0,False,False
R00375,False,False,False,False,False,False,False,False,0,False,0,False,False
R00376,False,False,False,False,False,False,False,False,0,False,0,False,False
R00377,False,False,False,False,False,False,False,False,0,False,0,False,False
R00378,False,False,False,False,False,False,False,False,0,False,0,False,False
R00379,False,False,False,False,False,False,False,False,0,False,0,False,False
R00380,False,False,False,False,False,False,False,False,0,False,0,False,False
R00381,False,False,False,False,False,False,False,False,0,False,0,False,False
R00382,False,False,False,False,False,False,False,False,0,False,0,False,False
R00383,False,False,False,False,False,False,False,False,0,False,0,False,False
R00384,False,False,False,True,False,False,False,False,1,True,1,False,True
R00385,False,False,False,False,False,False,False,False,0,False,0,False,False
R00386,False,False,False,False,False,False,False,False,0,False,0,False,False
R00387,False,False,False,False,False,False,False,False,0,False,0,False,False
R00388,False,False,False,False,False,False,False,False,0,False,0,False,False
R00389,False,False,False,False,False,False,False,True,1,True,1,False,True
R00390,False,False,False,False,False,False,False,False,0,False,0,False,False
R00391,False,False,False,False,False,False,False,False,0,False,0,False,False
R00392,False,False,False,False,False,False,False,False,0,False,0,False,False
R00393,False,False,False,False,False,False,False,False,0,False,0,False,False
R00394,False,False,False,False,False,False,False,False,0,False,0,False,False
R00395,False,False,False,False,False,False,False,False,0,False,0,False,False
R00396,False,False,False,False,False,False,False,False,0,False,0,False,False
R00397,False,True,False,False,False,False,False,False,1,True,1,False,True
R00398,False,False,False,True,False,False,False,False,1,True,1,False,True
R00399,False,False,False,False,False,False,False,False,0,False,0,False,False
R00400,False,False,False,False,True,False,False,False,1,True,0,True,False
R00401,False,False,False,False,False,False,False,False,0,False,0,False,False
R00402,False,True,False,False,False,False,False,False,1,True,1,False,True
R00403,False,True,False,False,False,True,False,False,2,True,2,True,False
R00404,False,False,False,False,False,False,False,False,0,False,0,False,False
R00405,False,False,False,False,False,False,False,False,0,False,0,False,False
R00406,False,False,False,False,False,False,False,False,0,False,0,False,False
R00407,False,False,False,False,False,False,False,False,0,False,0,False,False
R00408,False,False,True,False,False,False,False,False,1,True,1,False,True
R00409,False,False,False,False,False,False,False,False,0,False,0,False,False
R00410,False,False,False,False,False,False,False,False,0,False,0,False,False
R00411,False,True,False,False,False,False,False,True,2,True,2,True,False
R00412,False,False,False,False,False,False,False,False,0,False,0,False,False
R00413,False,False,False,False,False,False,False,False,0,False,0,False,False
R00414,False,False,False,False,False,False,False,False,0,False,0,False,False
R00415,False,False,False,False,False,False,False,False,0,False,0,False,False
R00416,False,False,False,False,False,False,False,False,0,False,0,False,False
R00417,False,False,False,False,False,False,False,False,0,False,0,False,False
R00418,False,False,False,False,False,False,False,False,0,False,0,False,False
R00419,False,False,False,False,False,False,False,False,0,False,0,False,False
R00420,False,False,False,False,False,False,False,False,0,False,0,False,False
R00421,False,False,False,False,False,False,False,False,0,False,0,False,False
R00422,False,False,False,False,False,False,False,False,0,False,0,False,False
R00423,False,False,False,False,False,False,False,False,0,False,0,False,False
R00424,False,False,False,False,False,False,False,False,0,False,0,False,False
R00425,False,False,False,False,False,False,False,False,0,False,0,False,False
R00426,False,False,False,False,False,False,False,False,0,False,0,False,False
R00427,False,False,False,False,False,False,False,False,0,False,0,False,False
R00428,False,False,False,False,False,False,False,False,0,False,0,False,False
R00429,False,False,False,False,False,False,False,True,1,True,1,False,True
R00430,False,False,False,False,False,False,False,False,0,False,0,False,False
R00431,False,False,False,False,False,False,False,False,0,False,0,False,False
R00432,False,True,False,False,False,False,False,False,1,True,1,False,True
R00433,False,False,True,False,False,False,False,False,1,True,1,False,True
R00434,False,False,False,False,False,False,False,False,0,False,0,False,False
R00435,False,False,False,False,False,False,False,False,0,False,0,False,False
R00436,False,False,False,False,False,False,False,False,0,False,0,False,False
R00437,False,False,False,False,False,False,False,False,0,False,0,False,False
R00438,False,False,False,False,False,False,False,False,0,False,0,False,False
R00439,False,False,False,False,False,False,False,False,0,False,0,False,False
R00440,False,False,False,False,False,False,False,False,0,False,0,False,False
R00441,False,False,False,False,False,False,False,False,0,False,0,False,False
R00442,False,False,False,False,False,False,False,False,0,False,0,False,False
R00443,False,False,True,False,False,False,False,False,1,True,1,False,True
R00444,False,False,False,False,False,False,False,True,1,True,1,False,True
R00445,False,False,False,False,False,False,False,False,0,False,0,False,False
R00446,False,False,False,False,False,False,False,True,1,True,1,False,True
R00447,False,False,False,True,False,False,False,False,1,True,1,False,True
R00448,False,False,False,False,False,True,False,False,1,True,1,False,True
R00449,False,False,False,False,False,False,False,False,0,False,0,False,False
R00450,False,False,False,False,False,False,False,False,0,False,0,False,False
R00451,False,False,False,True,False,False,False,False,1,True,1,False,True
R00452,False,False,False,False,False,False,False,False,0,False,0,False,False
R00453,False,False,False,True,False,False,False,False,1,True,1,False,True
R00454,False,False,False,False,False,False,False,True,1,True,1,False,True
R00455,False,False,False,False,False,False,False,False,0,False,0,False,False
R00456,False,False,False,False,False,False,False,False,0,False,0,False,False
R00457,False,False,True,False,False,False,False,False,1,True,1,False,True
R00458,False,False,True,False,False,False,False,False,1,True,1,False,True
R00459,False,False,False,False,False,False,False,False,0,False,0,False,False
R00460,False,False,True,False,False,False,True,False,2,True,1,True,False
R00461,False,False,False,False,False,False,False,False,0,False,0,False,False
R00462,False,False,False,False,False,False,False,False,0,False,0,False,False
R00463,False,False,False,False,False,False,False,False,0,False,0,False,False
R00464,False,False,False,False,False,False,False,False,0,False,0,False,False
R00465,False,False,False,False,False,False,False,False,0,False,0,False,False
R00466,False,False,False,False,False,False,False,False,0,False,0,False,False
R00467,False,False,False,False,False,False,False,False,0,False,0,False,False
R00468,False,False,False,False,False,False,False,False,0,False,0,False,False
R00469,False,False,True,True,False,False,False,False,2,True,2,True,False
R00470,False,False,False,False,False,False,False,False,0,False,0,False,False
R00471,False,False,False,False,False,False,False,False,0,False,0,False,False
R00472,False,False,False,False,False,False,False,False,0,False,0,False,False
R00473,False,False,False,False,False,False,False,False,0,False,0,False,False
R00474,False,False,False,True,False,True,False,False,2,True,2,True,False
R00475,False,False,False,False,False,False,False,False,0,False,0,False,False
R00476,False,False,False,False,False,False,False,False,0,False,0,False,False
R00477,False,False,False,False,False,False,False,False,0,False,0,False,False
R00478,False,True,False,False,False,False,False,True,2,True,2,True,False
R00479,False,True,False,False,False,False,False,False,1,True,1,False,True
R00480,False,False,False,False,False,False,False,False,0,False,0,False,False
R00481,False,False,True,False,False,False,False,False,1,True,1,False,True
R00482,False,False,False,False,False,False,False,False,0,False,0,False,False
R00483,False,False,False,False,False,False,False,False,0,False,0,False,False
R00484,False,False,False,False,False,False,False,False,0,False,0,False,False
R00485,False,False,False,False,False,False,False,False,0,False,0,False,False
R00486,False,False,False,True,False,False,False,False,1,True,1,False,True
R00487,False,False,False,False,False,False,False,False,0,False,0,False,False
R00488,False,False,False,False,False,False,False,False,0,False,0,False,False
R00489,False,False,False,False,False,False,True,False,1,True,0,True,False
R00490,False,False,False,False,False,False,False,False,0,False,0,False,False
R00491,False,False,False,False,False,False,False,False,0,False,0,False,False
R00492,False,False,False,False,False,False,False,False,0,False,0,False,False
R00493,False,True,False,False,False,False,False,False,1,True,1,False,True
R00494,False,False,False,False,False,False,False,False,0,False,0,False,False
R00495,False,False,False,False,False,False,False,False,0,False,0,False,False
R00496,False,False,False,False,False,False,False,False,0,False,0,False,False
R00497,False,False,False,False,False,False,False,False,0,False,0,False,False
R00498,False,False,False,False,False,False,False,False,0,False,0,False,False
R00499,False,False,False,False,False,False,False,False,0,False,0,False,False
R00500,False,False,False,False,False,False,False,False,0,False,0,False,False
R00501,False,False,False,False,False,False,False,False,0,False,0,False,False
R00502,False,True,False,False,False,False,False,False,1,True,1,False,True
R00503,False,False,False,False,False,False,False,False,0,False,0,False,False
R00504,False,False,False,False,False,False,False,False,0,False,0,False,False
R00505,False,False,False,False,False,False,False,False,0,False,0,False,False
R00506,False,False,True,False,False,False,False,False,1,True,1,False,True
R00507,False,False,False,False,False,False,False,False,0,False,0,False,False
R00508,False,False,False,False,False,False,False,False,0,False,0,False,False
R00509,False,False,False,False,False,False,False,False,0,False,0,False,False
R00510,False,False,False,False,False,False,False,False,0,False,0,False,False
R00511,False,False,False,False,False,False,False,False,0,False,0,False,False
R00512,False,False,False,False,False,False,False,False,0,False,0,False,False
R00513,False,False,False,False,False,False,False,False,0,False,0,False,False
R00514,False,False,False,False,False,False,False,False,0,False,0,False,False
R00515,False,False,False,False,False,False,False,False,0,False,0,False,False
R00516,False,False,False,False,False,False,False,False,0,False,0,False,False
R00517,False,False,True,False,False,False,False,False,1,True,1,False,True
R00518,False,False,False,False,False,False,False,False,0,False,0,False,False
R00519,False,False,False,False,False,False,False,False,0,False,0,False,False
R00520,False,False,False,False,False,False,False,False,0,False,0,False,False
R00521,False,False,False,False,False,False,False,False,0,False,0,False,False
R00522,False,False,False,False,False,False,False,False,0,False,0,False,False
R00523,False,False,True,False,False,False,False,False,1,True,1,False,True
R00524,False,False,False,False,False,False,False,False,0,False,0,False,False
R00525,False,False,False,False,False,False,False,False,0,False,0,False,False
R00526,False,False,False,False,False,False,False,False,0,False,0,False,False
R00527,False,False,False,False,False,False,False,False,0,False,0,False,False
R00528,False,False,False,False,False,False,False,False,0,False,0,False,False
R00529,False,False,False,False,False,False,False,False,0,False,0,False,False
R00530,False,False,False,False,False,False,False,False,0,False,0,False,False
R00531,False,False,False,False,False,False,False,False,0,False,0,False,False
R00532,False,False,False,False,False,False,False,False,0,False,0,False,False
R00533,False,False,False,False,False,False,False,False,0,False,0,False,False
R00534,False,False,False,False,False,False,False,False,0,False,0,False,False
R00535,False,False,False,False,False,False,False,False,0,False,0,False,False
R00536,False,False,False,False,False,False,False,False,0,False,0,False,False
R00537,False,False,False,False,False,False,False,False,0,False,0,False,False
R00538,False,False,False,False,False,False,False,False,0,False,0,False,False
R00539,False,False,False,False,False,False,False,False,0,False,0,False,False
R00540,False,False,False,False,False,False,False,False,0,False,0,False,False
R00541,False,False,False,False,False,False,False,False,0,False,0,False,False
R00542,False,False,False,False,False,False,False,False,0,False,0,False,False
R00543,False,False,False,False,False,False,False,False,0,False,0,False,False
R00544,False,True,False,False,False,False,False,False,1,True,1,False,True
R00545,False,False,False,True,False,False,False,False,1,True,1,False,True
R00546,False,False,False,False,False,False,False,False,0,False,0,False,False
R00547,False,False,False,False,False,False,False,False,0,False,0,False,False
R00548,False,False,False,False,False,False,False,False,0,False,0,False,False
R00549,False,False,False,False,False,False,False,False,0,False,0,False,False
R00550,False,False,False,False,False,False,False,False,0,False,0,False,False
R00551,False,False,False,False,False,False,False,False,0,False,0,False,False
R00552,False,False,False,False,False,False,False,False,0,False,0,False,False
R00553,False,False,False,False,False,False,False,False,0,False,0,False,False
R00554,False,False,False,False,False,False,True,False,1,True,0,True,False
R00555,False,False,False,False,False,False,False,False,0,False,0,False,False
R00556,False,False,False,False,False,False,False,False,0,False,0,False,False
R00557,False,False,False,False,False,False,False,False,0,False,0,False,False
R00558,False,False,False,False,False,False,False,False,0,False,0,False,False
R00559,False,False,False,False,False,False,False,False,0,False,0,False,False
R00560,False,False,False,False,False,True,False,False,1,True,1,False,True
R00561,False,False,False,False,False,False,False,False,0,False,0,False,False
R00562,False,False,False,False,False,False,False,False,0,False,0,False,False
R00563,False,False,False,False,False,False,False,False,0,False,0,False,False
R00564,False,False,False,False,False,False,False,False,0,False,0,False,False
R00565,False,False,False,False,False,False,False,False,0,False,0,False,False
R00566,False,False,False,False,False,False,False,False,0,False,0,False,False
R00567,False,False,False,False,False,False,False,False,0,False,0,False,False
R00568,False,False,False,False,False,False,False,False,0,False,0,False,False
R00569,False,False,False,False,False,False,False,False,0,False,0,False,False
R00570,False,False,False,False,False,False,False,False,0,False,0,False,False
R00571,False,False,False,False,False,False,False,False,0,False,0,False,False
R00572,False,False,False,False,False,False,False,False,0,False,0,False,False
R00573,False,False,False,False,False,False,False,False,0,False,0,False,False
R00574,False,False,False,False,False,False,False,False,0,False,0,False,False
R00575,False,False,False,False,False,False,False,False,0,False,0,False,False
R00576,False,False,False,False,False,False,False,False,0,False,0,False,False
R00577,False,False,False,False,False,False,True,False,1,True,0,True,False
R00578,False,False,True,False,False,False,False,False,1,True,1,False,True
R00579,False,False,False,False,False,False,False,False,0,False,0,False,False
R00580,False,False,False,False,False,False,False,False,0,False,0,False,False
R00581,False,False,False,False,False,False,False,False,0,False,0,False,False
R00582,False,False,False,False,False,False,False,False,0,False,0,False,False
R00583,False,False,False,False,False,False,False,False,0,False,0,False,False
R00584,False,False,False,False,False,False,False,False,0,False,0,False,False
R00585,False,False,False,False,False,False,False,False,0,False,0,False,False
R00586,False,False,False,False,False,False,False,False,0,False,0,False,False
R00587,False,False,False,False,False,False,False,False,0,False,0,False,False
R00588,False,False,False,False,False,False,False,False,0,False,0,False,False
R00589,False,False,False,False,False,False,False,False,0,False,0,False,False
R00590,False,False,False,False,False,False,False,False,0,False,0,False,False
R00591,False,False,False,False,False,False,False,False,0,False,0,False,False
R00592,False,False,False,False,False,False,False,False,0,False,0,False,False
R00593,False,False,False,False,False,False,False,False,0,False,0,False,False
R00594,False,False,False,False,False,False,False,False,0,False,0,False,False
R00595,False,False,False,False,False,False,False,False,0,False,0,False,False
R00596,False,False,False,False,False,False,False,False,0,False,0,False,False
R00597,False,False,False,False,False,False,False,False,0,False,0,False,False
R00598,False,False,False,False,False,False,False,False,0,False,0,False,False
R00599,False,False,False,False,False,False,False,False,0,False,0,False,False
R00600,False,False,False,False,False,False,False,False,0,False,0,False,False
R00601,False,False,True,False,False,False,False,False,1,True,1,False,True
R00602,False,True,False,False,False,False,False,False,1,True,1,False,True
R00603,False,False,False,False,False,False,False,False,0,False,0,False,False
R00604,False,False,False,False,False,False,False,False,0,False,0,False,False
R00605,False,False,False,False,False,False,False,False,0,False,0,False,False
R00606,False,False,False,False,False,False,False,False,0,False,0,False,False
R00607,False,False,False,False,False,False,False,False,0,False,0,False,False
R00608,False,False,False,False,False,False,False,False,0,False,0,False,False
R00609,False,False,False,False,False,False,False,False,0,False,0,False,False
R00610,False,False,False,False,False,False,False,False,0,False,0,False,False
R00611,False,False,False,False,False,False,False,False,0,False,0,False,False
R00612,False,False,True,False,False,False,False,False,1,True,1,False,True
R00613,False,False,False,False,False,False,False,False,0,False,0,False,False
R00614,False,False,False,False,False,False,False,False,0,False,0,False,False
R00615,False,False,False,False,False,False,False,False,0,False,0,False,False
R00616,False,False,False,False,False,False,False,False,0,False,0,False,False
R00617,False,False,False,False,False,False,False,False,0,False,0,False,False
R00618,False,False,False,False,False,False,False,False,0,False,0,False,False
R00619,False,False,False,False,False,False,False,False,0,False,0,False,False
R00620,False,False,True,False,False,False,False,False,1,True,1,False,True
R00621,False,False,False,False,False,False,False,False,0,False,0,False,False
R00622,False,False,True,False,False,False,False,False,1,True,1,False,True
R00623,False,False,False,False,False,False,True,False,1,True,0,True,False
R00624,False,False,False,False,False,False,False,False,0,False,0,False,False
R00625,False,False,False,False,False,False,False,False,0,False,0,False,False
R00626,False,False,False,False,False,False,False,False,0,False,0,False,False
R00627,False,False,False,False,False,True,False,False,1,True,1,False,True
R00628,False,False,True,False,False,False,False,False,1,True,1,False,True
R00629,False,False,False,False,False,False,False,False,0,False,0,False,False
R00630,False,True,False,False,False,False,False,False,1,True,1,False,True
R00631,False,False,False,False,False,False,False,False,0,False,0,False,False
R00632,False,False,False,False,False,False,False,False,0,False,0,False,False
R00633,False,False,False,False,False,False,False,False,0,False,0,False,False
R00634,False,False,False,False,False,False,False,False,0,False,0,False,False
R00635,False,False,False,False,False,False,False,False,0,False,0,False,False
R00636,False,False,False,False,False,False,False,False,0,False,0,False,False
R00637,False,True,False,False,False,False,False,False,1,True,1,False,True
R00638,False,False,False,False,False,False,False,False,0,False,0,False,False
R00639,False,False,False,False,False,True,False,False,1,True,1,False,True
R00640,False,False,False,False,False,False,False,False,0,False,0,False,False
R00641,False,False,False,False,False,False,False,False,0,False,0,False,False
R00642,False,False,False,False,False,False,False,False,0,False,0,False,False
R00643,False,False,False,False,False,False,False,False,0,False,0,False,False
R00644,False,False,False,False,False,False,False,False,0,False,0,False,False
R00645,False,False,True,False,False,False,False,False,1,True,1,False,True
R00646,False,False,False,False,False,False,False,False,0,False,0,False,False
R00647,False,False,False,False,False,False,False,False,0,False,0,False,False
R00648,False,False,True,False,False,False,False,False,1,True,1,False,True
R00649,False,False,False,False,False,False,False,False,0,False,0,False,False
R00650,False,False,False,False,False,False,False,False,0,False,0,False,False
R00651,False,True,False,False,False,False,False,True,2,True,2,True,False
R00652,False,False,False,False,False,False,False,False,0,False,0,False,False
R00653,False,False,False,False,False,False,False,False,0,False,0,False,False
R00654,False,False,False,False,False,False,False,False,0,False,0,False,False
R00655,False,False,False,False,False,False,False,False,0,False,0,False,False
R00656,False,False,False,False,False,False,False,False,0,False,0,False,False
R00657,False,False,False,False,False,False,False,False,0,False,0,False,False
R00658,False,False,False,False,False,False,False,False,0,False,0,False,False
R00659,False,False,False,False,False,False,False,False,0,False,0,False,False
R00660,False,False,False,False,False,False,False,False,0,False,0,False,False
R00661,False,False,False,False,False,False,False,False,0,False,0,False,False
R00662,False,False,False,False,False,False,False,False,0,False,0,False,False
R00663,False,False,True,False,False,False,False,False,1,True,1,False,True
R00664,False,False,False,False,False,False,False,False,0,False,0,False,False
R00665,False,False,False,False,False,False,False,False,0,False,0,False,False
R00666,False,False,False,False,False,False,False,False,0,False,0,False,False
R00667,False,False,False,False,False,False,False,False,0,False,0,False,False
R00668,False,False,False,False,False,False,False,False,0,False,0,False,False
R00669,False,False,False,False,False,False,False,False,0,False,0,False,False
R00670,False,False,False,False,False,False,False,False,0,False,0,False,False
R00671,False,False,False,False,False,False,False,False,0,False,0,False,False
R00672,False,False,False,False,False,False,False,False,0,False,0,False,False
R00673,False,False,False,False,False,False,False,False,0,False,0,False,False
R00674,False,False,False,False,False,False,False,False,0,False,0,False,False
R00675,False,False,False,False,False,False,False,False,0,False,0,False,False
R00676,False,False,False,False,False,False,False,True,1,True,1,False,True
R00677,False,True,False,False,False,False,False,False,1,True,1,False,True
R00678,False,False,False,False,False,False,False,False,0,False,0,False,False
R00679,False,False,False,False,False,False,False,False,0,False,0,False,False
R00680,False,False,False,False,False,False,False,False,0,False,0,False,False
R00681,False,False,False,False,False,False,False,False,0,False,0,False,False
R00682,False,False,False,False,False,False,False,False,0,False,0,False,False
R00683,False,False,False,False,False,False,False,False,0,False,0,False,False
R00684,False,False,False,False,False,False,False,False,0,False,0,False,False
R00685,False,False,False,False,False,False,False,False,0,False,0,False,False
R00686,False,False,False,False,False,False,False,False,0,False,0,False,False
R00687,False,False,False,False,False,False,False,False,0,False,0,False,False
R00688,False,False,False,True,False,False,False,False,1,True,1,False,True
R00689,False,False,False,False,False,False,False,False,0,False,0,False,False
R00690,False,False,False,False,False,False,False,False,0,False,0,False,False
R00691,False,False,False,False,False,False,False,False,0,False,0,False,False
R00692,False,False,False,False,False,False,False,False,0,False,0,False,False
R00693,False,False,False,False,False,True,False,False,1,True,1,False,True
R00694,False,False,False,False,False,False,False,False,0,False,0,False,False
R00695,False,False,False,False,False,False,False,False,0,False,0,False,False
R00696,False,False,False,False,False,False,False,True,1,True,1,False,True
R00697,False,False,False,False,False,False,False,False,0,False,0,False,False
R00698,False,True,False,False,False,False,False,False,1,True,1,False,True
R00699,False,False,False,False,False,False,False,False,0,False,0,False,False
R00700,False,False,False,False,False,False,False,False,0,False,0,False,False
R00701,False,False,False,False,False,False,False,False,0,False,0,False,False
R00702,False,False,False,False,False,False,False,False,0,False,0,False,False
R00703,False,False,False,False,False,False,False,False,0,False,0,False,False
R00704,False,False,False,False,False,False,False,False,0,False,0,False,False
R00705,False,False,False,False,True,False,False,False,1,True,0,True,False
R00706,False,False,False,False,False,False,False,False,0,False,0,False,False
R00707,False,False,False,False,False,False,False,False,0,False,0,False,False
R00708,False,False,False,False,False,False,False,False,0,False,0,False,False
R00709,False,False,False,False,False,False,False,False,0,False,0,False,False
R00710,False,False,False,False,False,False,False,False,0,False,0,False,False
R00711,False,False,False,False,False,False,False,False,0,False,0,False,False
R00712,False,False,False,False,False,False,False,False,0,False,0,False,False
R00713,False,False,True,False,False,False,False,False,1,True,1,False,True
R00714,False,False,False,False,False,False,False,False,0,False,0,False,False
R00715,False,False,False,False,False,False,False,False,0,False,0,False,False
R00716,False,False,False,False,False,False,False,False,0,False,0,False,False
R00717,False,False,False,False,False,False,False,False,0,False,0,False,False
R00718,False,False,False,False,True,False,False,False,1,True,0,True,False
R00719,False,False,False,False,False,True,False,False,1,True,1,False,True
R00720,False,False,False,False,False,True,False,False,1,True,1,False,True
R00721,False,False,False,False,False,False,False,False,0,False,0,False,False
R00722,False,False,False,False,False,False,False,False,0,False,0,False,False
R00723,False,False,False,False,False,False,False,False,0,False,0,False,False
R00724,False,False,False,False,False,False,False,True,1,True,1,False,True
R00725,False,False,False,False,False,False,False,False,0,False,0,False,False
R00726,False,False,False,False,False,False,False,False,0,False,0,False,False
R00727,False,False,False,False,False,False,False,False,0,False,0,False,False
R00728,False,False,False,False,False,False,False,False,0,False,0,False,False
R00729,False,False,False,False,False,False,False,False,0,False,0,False,False
R00730,False,False,False,False,False,False,False,False,0,False,0,False,False
R00731,False,False,False,False,False,False,False,False,0,False,0,False,False
R00732,False,False,False,False,False,False,False,False,0,False,0,False,False
R00733,False,False,False,False,False,False,False,False,0,False,0,False,False
R00734,False,False,False,False,False,False,False,False,0,False,0,False,False
R00735,False,False,False,False,False,False,False,False,0,False,0,False,False
R00736,False,True,False,False,False,False,False,False,1,True,1,False,True
R00737,False,True,False,False,False,False,False,False,1,True,1,False,True
R00738,False,True,False,False,False,False,False,False,1,True,1,False,True
R00739,False,False,False,False,False,False,False,False,0,False,0,False,False
R00740,False,False,False,False,False,False,False,False,0,False,0,False,False
R00741,False,False,False,False,False,False,False,False,0,False,0,False,False
R00742,False,False,False,False,False,False,False,False,0,False,0,False,False
R00743,False,False,False,False,False,False,False,False,0,False,0,False,False
R00744,False,False,False,False,False,False,False,False,0,False,0,False,False
R00745,False,False,False,False,False,False,False,False,0,False,0,False,False
R00746,False,False,False,False,False,False,False,False,0,False,0,False,False
R00747,False,False,False,False,False,False,False,False,0,False,0,False,False
R00748,False,False,False,False,False,False,False,False,0,False,0,False,False
R00749,False,False,False,False,False,False,False,False,0,False,0,False,False
R00750,False,False,False,False,False,False,False,False,0,False,0,False,False
R00751,False,False,False,False,False,False,False,False,0,False,0,False,False
R00752,False,False,False,False,False,False,False,False,0,False,0,False,False
R00753,False,False,False,False,False,False,True,False,1,True,0,True,False
R00754,False,False,False,False,False,False,False,False,0,False,0,False,False
R00755,False,False,False,False,False,False,False,False,0,False,0,False,False
R00756,False,True,False,False,False,False,False,False,1,True,1,False,True
R00757,False,False,False,False,True,False,False,False,1,True,0,True,False
R00758,False,True,False,False,False,False,False,False,1,True,1,False,True
R00759,False,False,False,False,False,False,False,False,0,False,0,False,False
R00760,False,False,False,False,False,False,False,False,0,False,0,False,False
R00761,False,False,False,False,True,False,False,False,1,True,0,True,False
R00762,False,False,False,False,False,False,False,False,0,False,0,False,False
R00763,False,False,False,False,False,False,False,False,0,False,0,False,False
R00764,False,False,False,False,False,False,False,False,0,False,0,False,False
R00765,False,False,False,False,False,False,False,False,0,False,0,False,False
R00766,False,False,False,False,False,False,False,False,0,False,0,False,False
R00767,False,False,False,False,False,True,False,False,1,True,1,False,True
R00768,False,False,False,False,False,False,False,False,0,False,0,False,False
R00769,False,False,False,False,False,False,False,True,1,True,1,False,True
R00770,False,False,False,False,False,False,False,False,0,False,0,False,False
R00771,False,False,False,False,False,False,False,True,1,True,1,False,True
R00772,False,False,False,False,False,False,False,False,0,False,0,False,False
R00773,False,False,False,False,False,False,False,False,0,False,0,False,False
R00774,False,False,False,False,False,False,False,False,0,False,0,False,False
R00775,False,False,False,False,False,False,False,False,0,False,0,False,False
R00776,False,False,False,False,False,False,False,False,0,False,0,False,False
R00777,False,False,False,True,False,False,False,False,1,True,1,False,True
R00778,False,False,False,False,False,False,False,False,0,False,0,False,False
R00779,False,False,False,False,False,False,False,False,0,False,0,False,False
R00780,False,False,False,False,False,False,False,False,0,False,0,False,False
R00781,False,False,False,False,False,False,False,False,0,False,0,False,False
R00782,False,False,False,False,False,False,False,False,0,False,0,False,False
R00783,False,False,False,True,False,False,False,False,1,True,1,False,True
R00784,False,False,False,False,False,False,False,False,0,False,0,False,False
R00785,False,False,False,False,False,False,False,False,0,False,0,False,False
R00786,False,False,False,False,False,False,False,False,0,False,0,False,False
R00787,False,False,False,False,False,False,False,False,0,False,0,False,False
R00788,False,False,False,False,True,False,False,False,1,True,0,True,False
R00789,False,False,False,False,False,False,False,False,0,False,0,False,False
R00790,False,False,True,True,False,False,False,False,2,True,2,True,False
R00791,False,False,False,False,False,False,False,False,0,False,0,False,False
R00792,False,False,False,False,False,False,False,True,1,True,1,False,True
R00793,False,False,False,False,False,False,False,False,0,False,0,False,False
R00794,False,False,False,False,False,True,False,False,1,True,1,False,True
R00795,False,False,False,False,False,False,False,False,0,False,0,False,False
R00796,False,False,False,False,False,False,False,False,0,False,0,False,False
R00797,False,False,False,False,False,False,False,False,0,False,0,False,False
R00798,False,False,False,False,False,False,False,False,0,False,0,False,False
R00799,False,False,False,False,False,False,False,False,0,False,0,False,False
R00800,False,False,False,False,False,False,False,False,0,False,0,False,False
R00801,False,False,False,False,False,False,False,False,0,False,0,False,False
R00802,False,False,False,False,False,False,False,False,0,False,0,False,False
R00803,False,False,False,False,False,False,False,False,0,False,0,False,False
R00804,False,False,False,False,False,False,False,False,0,False,0,False,False
R00805,False,False,True,False,False,False,False,False,1,True,1,False,True
R00806,False,False,False,False,False,False,False,False,0,False,0,False,False
R00807,False,False,False,False,False,False,False,False,0,False,0,False,False
R00808,False,False,True,False,False,False,False,False,1,True,1,False,True
R00809,False,False,False,False,False,False,False,False,0,False,0,False,False
R00810,False,True,False,False,False,False,False,False,1,True,1,False,True
R00811,False,False,False,False,False,False,False,False,0,False,0,False,False
R00812,False,False,False,False,False,False,False,False,0,False,0,False,False
R00813,False,False,False,False,False,False,False,False,0,False,0,False,False
R00814,False,False,False,False,False,False,False,False,0,False,0,False,False
R00815,False,False,False,False,False,False,True,False,1,True,0,True,False
R00816,False,False,False,False,False,False,False,False,0,False,0,False,False
R00817,False,False,False,False,False,False,False,False,0,False,0,False,False
R00818,False,False,False,False,False,False,False,False,0,False,0,False,False
R00819,False,False,False,False,False,False,False,False,0,False,0,False,False
R00820,False,False,False,False,False,False,True,False,1,True,0,True,False
R00821,False,False,False,False,False,False,False,False,0,False,0,False,False
R00822,False,False,False,False,False,False,False,False,0,False,0,False,False
R00823,False,False,False,False,False,False,False,False,0,False,0,False,False
R00824,False,False,False,False,False,False,False,False,0,False,0,False,False
R00825,False,False,False,False,False,False,False,True,1,True,1,False,True
R00826,False,False,False,False,False,False,False,False,0,False,0,False,False
R00827,False,False,False,False,False,False,False,False,0,False,0,False,False
R00828,False,False,False,False,False,False,False,False,0,False,0,False,False
R00829,False,False,False,False,False,False,False,False,0,False,0,False,False
R00830,False,False,False,False,False,False,False,False,0,False,0,False,False
R00831,False,False,False,False,False,False,False,False,0,False,0,False,False
R00832,False,False,False,False,False,False,False,False,0,False,0,False,False
R00833,False,False,False,False,False,False,False,False,0,False,0,False,False
R00834,False,False,False,False,False,False,False,False,0,False,0,False,False
R00835,False,False,False,False,False,False,False,False,0,False,0,False,False
R00836,False,False,False,False,False,False,False,False,0,False,0,False,False
R00837,False,False,False,False,False,False,False,False,0,False,0,False,False
R00838,False,False,False,False,False,False,False,False,0,False,0,False,False
R00839,False,False,False,False,False,False,False,False,0,False,0,False,False
R00840,False,True,False,False,False,False,False,False,1,True,1,False,True
R00841,False,False,True,False,False,False,False,False,1,True,1,False,True
R00842,False,False,False,False,False,False,False,False,0,False,0,False,False
R00843,False,False,False,False,False,False,False,False,0,False,0,False,False
R00844,False,False,False,False,False,False,False,False,0,False,0,False,False
R00845,False,False,False,False,False,False,False,False,0,False,0,False,False
R00846,False,False,False,False,False,False,False,False,0,False,0,False,False
R00847,False,False,False,True,False,False,False,False,1,True,1,False,True
R00848,False,False,False,False,False,False,False,False,0,False,0,False,False
R00849,False,True,False,False,False,False,False,False,1,True,1,False,True
R00850,False,False,True,False,False,False,False,False,1,True,1,False,True
R00851,False,False,False,False,False,False,False,False,0,False,0,False,False
R00852,False,False,False,False,False,False,False,False,0,False,0,False,False
R00853,False,False,False,False,False,False,False,False,0,False,0,False,False
R00854,False,False,False,False,False,False,False,False,0,False,0,False,False
R00855,False,False,False,False,False,False,False,False,0,False,0,False,False
R00856,False,False,False,False,False,False,False,False,0,False,0,False,False
R00857,False,False,False,False,False,False,False,False,0,False,0,False,False
R00858,False,False,False,False,False,False,False,False,0,False,0,False,False
R00859,False,False,False,False,False,False,True,False,1,True,0,True,False
R00860,False,False,False,False,False,True,False,False,1,True,1,False,True
R00861,False,False,False,False,False,False,False,False,0,False,0,False,False
R00862,False,False,True,False,False,False,False,False,1,True,1,False,True
R00863,False,False,False,False,False,False,False,True,1,True,1,False,True
R00864,False,False,False,False,False,False,False,False,0,False,0,False,False
R00865,False,False,False,False,False,False,False,False,0,False,0,False,False
R00866,False,False,False,False,False,False,True,False,1,True,0,True,False
R00867,False,False,False,False,False,False,False,False,0,False,0,False,False
R00868,False,False,False,False,False,False,False,False,0,False,0,False,False
R00869,False,False,True,False,False,False,False,False,1,True,1,False,True
R00870,False,False,False,False,False,False,False,False,0,False,0,False,False
R00871,False,False,False,False,False,False,False,False,0,False,0,False,False
R00872,False,False,False,False,False,False,False,False,0,False,0,False,False
R00873,False,False,False,False,False,False,False,False,0,False,0,False,False
R00874,False,False,False,False,False,False,False,False,0,False,0,False,False
R00875,False,False,False,True,False,False,False,False,1,True,1,False,True
R00876,False,False,False,False,False,False,False,False,0,False,0,False,False
R00877,False,False,False,False,False,False,False,False,0,False,0,False,False
R00878,False,False,False,False,False,False,False,False,0,False,0,False,False
R00879,False,False,False,False,False,False,False,False,0,False,0,False,False
R00880,False,False,False,False,False,False,False,False,0,False,0,False,False
R00881,False,False,False,False,False,False,False,False,0,False,0,False,False
R00882,False,False,False,False,False,False,False,False,0,False,0,False,False
R00883,False,False,False,False,False,False,False,False,0,False,0,False,False
R00884,False,False,False,False,False,False,False,False,0,False,0,False,False
R00885,False,False,True,False,False,False,False,False,1,True,1,False,True
R00886,False,False,False,False,False,False,False,False,0,False,0,False,False
R00887,False,False,False,False,False,False,False,False,0,False,0,False,False
R00888,False,False,False,False,False,False,False,False,0,False,0,False,False
R00889,False,False,False,False,False,False,False,False,0,False,0,False,False
R00890,False,False,False,False,False,False,False,False,0,False,0,False,False
R00891,False,False,False,False,False,True,False,False,1,True,1,False,True
R00892,False,False,False,False,False,False,False,False,0,False,0,False,False
R00893,False,False,False,False,False,False,False,False,0,False,0,False,False
R00894,False,False,False,False,False,False,False,False,0,False,0,False,False
R00895,False,False,False,False,False,False,False,False,0,False,0,False,False
R00896,False,False,False,False,False,False,False,False,0,False,0,False,False
R00897,False,False,False,False,False,False,False,False,0,False,0,False,False
R00898,False,False,False,False,False,False,False,False,0,False,0,False,False
R00899,False,False,False,False,False,False,False,False,0,False,0,False,False
R00900,False,False,False,False,False,False,False,False,0,False,0,False,False
R00901,False,False,False,False,False,False,False,False,0,False,0,False,False
R00902,False,False,False,False,False,False,False,False,0,False,0,False,False
R00903,False,False,False,False,False,False,False,False,0,False,0,False,False
R00904,False,False,False,False,False,False,False,False,0,False,0,False,False
R00905,False,False,False,False,False,False,False,False,0,False,0,False,False
R00906,False,False,False,False,False,False,False,False,0,False,0,False,False
R00907,False,False,False,False,False,False,False,False,0,False,0,False,False
R00908,False,False,False,False,False,False,False,False,0,False,0,False,False
R00909,False,False,False,False,False,False,False,False,0,False,0,False,False
R00910,False,False,False,False,False,False,False,False,0,False,0,False,False
R00911,False,False,False,False,False,False,False,False,0,False,0,False,False
R00912,False,False,False,False,False,False,True,False,1,True,0,True,False
R00913,False,False,True,False,False,False,False,False,1,True,1,False,True
R00914,False,False,False,False,False,False,False,False,0,False,0,False,False
R00915,False,False,False,False,False,False,False,False,0,False,0,False,False
R00916,False,False,False,False,False,False,False,False,0,False,0,False,False
R00917,False,False,False,False,False,False,False,False,0,False,0,False,False
R00918,False,False,False,True,False,False,False,False,1,True,1,False,True
R00919,False,False,False,False,False,False,False,False,0,False,0,False,False
R00920,False,False,False,False,False,False,False,False,0,False,0,False,False
R00921,False,False,False,False,False,False,False,False,0,False,0,False,False
R00922,False,False,False,False,False,False,False,False,0,False,0,False,False
R00923,False,False,False,False,False,False,False,False,0,False,0,False,False
R00924,False,False,False,False,False,False,False,False,0,False,0,False,False
R00925,False,False,False,False,False,False,False,False,0,False,0,False,False
R00926,False,False,False,False,False,False,False,False,0,False,0,False,False
R00927,False,False,False,False,False,False,False,False,0,False,0,False,False
R00928,False,False,False,False,False,False,False,False,0,False,0,False,False
R00929,False,False,False,False,False,False,False,False,0,False,0,False,False
R00930,False,False,False,False,False,False,False,False,0,False,0,False,False
R00931,False,False,False,False,False,False,False,False,0,False,0,False,False
R00932,False,False,False,False,False,False,False,False,0,False,0,False,False
R00933,False,False,False,False,False,False,False,False,0,False,0,False,False
R00934,False,False,False,False,False,False,False,False,0,False,0,False,False
R00935,False,False,False,False,False,False,False,False,0,False,0,False,False
R00936,False,False,False,False,False,False,False,False,0,False,0,False,False
R00937,False,False,False,False,False,False,False,False,0,False,0,False,False
R00938,False,False,False,False,False,False,False,False,0,False,0,False,False
R00939,False,False,False,False,False,False,False,False,0,False,0,False,False
R00940,False,False,False,False,False,False,False,False,0,False,0,False,False
R00941,False,False,False,False,False,False,False,False,0,False,0,False,False
R00942,False,False,False,False,False,False,False,False,0,False,0,False,False
R00943,False,False,False,False,False,False,False,False,0,False,0,False,False
R00944,False,False,False,False,False,False,False,False,0,False,0,False,False
R00945,False,False,False,False,False,False,False,False,0,False,0,False,False
R00946,False,False,False,False,False,False,False,False,0,False,0,False,False
R00947,False,True,False,False,False,False,False,False,1,True,1,False,True
R00948,False,False,False,False,False,False,False,False,0,False,0,False,False
R00949,False,False,False,False,False,False,False,False,0,False,0,False,False
R00950,False,False,False,False,False,False,False,False,0,False,0,False,False
R00951,False,False,False,False,False,False,False,False,0,False,0,False,False
R00952,False,True,False,False,False,False,False,False,1,True,1,False,True
R00953,False,False,True,False,False,False,False,False,1,True,1,False,True
R00954,False,False,False,False,False,False,False,False,0,False,0,False,False
R00955,False,False,False,False,False,False,False,True,1,True,1,False,True
R00956,False,False,False,False,False,False,False,False,0,False,0,False,False
R00957,False,False,False,False,False,False,False,False,0,False,0,False,False
R00958,False,False,False,False,False,False,False,False,0,False,0,False,False
R00959,False,False,False,False,False,False,False,False,0,False,0,False,False
R00960,False,False,False,False,False,False,False,False,0,False,0,False,False
R00961,False,False,False,False,False,False,False,False,0,False,0,False,False
R00962,False,False,False,False,False,False,False,False,0,False,0,False,False
R00963,False,False,False,False,False,False,False,False,0,False,0,False,False
R00964,False,False,False,False,False,False,False,False,0,False,0,False,False
R00965,False,False,False,False,False,False,False,False,0,False,0,False,False
R00966,False,False,False,False,False,True,False,False,1,True,1,False,True
R00967,False,False,False,False,False,False,False,False,0,False,0,False,False
R00968,False,False,False,False,False,False,False,False,0,False,0,False,False
R00969,False,False,False,False,False,False,False,False,0,False,0,False,False
R00970,False,False,False,False,False,False,False,False,0,False,0,False,False
R00971,False,False,False,False,False,False,False,False,0,False,0,False,False
R00972,False,False,False,False,False,False,False,False,0,False,0,False,False
R00973,False,False,False,False,False,False,False,False,0,False,0,False,False
R00974,False,False,False,False,False,False,False,False,0,False,0,False,False
R00975,False,False,False,False,False,False,False,False,0,False,0,False,False
R00976,False,False,False,False,False,False,False,False,0,False,0,False,False
R00977,False,False,False,False,False,False,False,False,0,False,0,False,False
R00978,False,False,False,False,False,False,False,False,0,False,0,False,False
R00979,False,False,False,False,False,False,False,False,0,False,0,False,False
R00980,False,False,False,False,False,False,False,False,0,False,0,False,False
R00981,False,False,False,False,False,False,False,False,0,False,0,False,False
R00982,False,False,False,False,False,False,False,False,0,False,0,False,False
R00983,False,False,False,False,False,False,False,False,0,False,0,False,False
R00984,False,True,False,False,False,False,False,False,1,True,1,False,True
R00985,False,True,False,True,False,False,False,False,2,True,2,True,False
R00986,False,False,False,False,False,False,False,False,0,False,0,False,False
R00987,False,False,False,False,False,False,False,False,0,False,0,False,False
R00988,False,False,False,False,False,False,False,False,0,False,0,False,False
R00989,False,False,False,False,False,False,False,False,0,False,0,False,False
R00990,False,False,False,False,False,False,False,False,0,False,0,False,False
R00991,False,False,False,False,False,False,False,False,0,False,0,False,False
R00992,False,False,False,False,False,False,True,False,1,True,0,True,False
R00993,False,False,False,False,False,False,False,False,0,False,0,False,False
R00994,False,False,False,False,False,False,False,False,0,False,0,False,False
R00995,False,False,True,False,False,False,False,False,1,True,1,False,True
R00996,False,False,False,False,False,False,False,False,0,False,0,False,False
R00997,False,False,False,False,False,False,False,False,0,False,0,False,False
R00998,False,False,False,False,False,False,False,False,0,False,0,False,False
R00999,False,False,False,False,False,False,False,False,0,False,0,False,False
R01000,False,False,False,False,False,False,False,False,0,False,0,False,False
R01001,False,False,False,False,False,False,False,False,0,False,0,False,False
R01002,False,False,True,False,False,False,False,False,1,True,1,False,True
R01003,False,False,False,False,False,False,False,False,0,False,0,False,False
R01004,False,False,False,False,False,False,False,False,0,False,0,False,False
R01005,False,False,False,False,False,False,False,False,0,False,0,False,False
R01006,False,False,False,False,False,False,False,False,0,False,0,False,False
R01007,False,False,False,False,False,False,False,False,0,False,0,False,False
R01008,False,False,False,False,False,False,False,False,0,False,0,False,False
R01009,False,False,False,False,False,False,False,False,0,False,0,False,False
R01010,False,False,False,False,False,False,False,False,0,False,0,False,False
R01011,False,False,False,False,False,False,False,False,0,False,0,False,False
R01012,False,False,False,False,False,False,False,True,1,True,1,False,True
R01013,False,False,False,False,False,False,False,False,0,False,0,False,False
R01014,False,False,False,False,False,False,False,False,0,False,0,False,False
R01015,False,False,False,False,False,False,False,False,0,False,0,False,False
R01016,False,False,False,False,False,False,False,False,0,False,0,False,False
R01017,False,False,False,False,False,False,False,False,0,False,0,False,False
R01018,False,False,False,False,False,True,False,False,1,True,1,False,True
R01019,False,False,False,False,False,False,False,False,0,False,0,False,False
R01020,False,False,False,False,False,False,False,False,0,False,0,False,False
R01021,False,False,False,False,False,False,False,False,0,False,0,False,False
R01022,False,False,True,False,False,False,False,False,1,True,1,False,True
R01023,False,False,False,False,False,False,False,False,0,False,0,False,False
R01024,False,False,False,False,False,False,False,False,0,False,0,False,False
R01025,False,False,False,True,False,False,False,False,1,True,1,False,True
R01026,False,False,False,False,False,False,False,False,0,False,0,False,False
R01027,False,False,False,False,False,False,False,False,0,False,0,False,False
R01028,False,False,False,False,False,False,False,False,0,False,0,False,False
R01029,False,False,False,False,False,False,False,False,0,False,0,False,False
R01030,False,False,False,False,False,True,False,False,1,True,1,False,True
R01031,False,False,False,False,False,False,False,False,0,False,0,False,False
R01032,False,True,False,False,False,False,False,False,1,True,1,False,True
R01033,False,False,False,False,False,False,False,False,0,False,0,False,False
R01034,False,False,False,False,False,False,False,False,0,False,0,False,False
R01035,False,False,False,False,False,False,False,False,0,False,0,False,False
R01036,False,False,False,True,False,False,False,False,1,True,1,False,True
R01037,False,False,False,False,False,False,False,False,0,False,0,False,False
R01038,False,False,False,False,False,False,False,False,0,False,0,False,False
R01039,False,False,False,True,False,False,False,False,1,True,1,False,True
R01040,False,False,False,False,False,False,False,False,0,False,0,False,False
R01041,False,False,False,False,False,False,False,False,0,False,0,False,False
R01042,False,False,False,False,False,False,False,False,0,False,0,False,False
R01043,False,True,False,False,False,False,False,False,1,True,1,False,True
R01044,False,False,False,False,False,False,False,False,0,False,0,False,False
R01045,False,False,False,False,False,False,False,False,0,False,0,False,False
R01046,False,False,False,False,False,False,False,False,0,False,0,False,False
R01047,False,False,False,False,False,False,False,False,0,False,0,False,False
R01048,False,True,False,False,False,False,False,False,1,True,1,False,True
R01049,False,False,False,False,False,False,False,False,0,False,0,False,False
R01050,False,False,False,False,False,False,False,False,0,False,0,False,False
R01051,False,False,False,False,False,False,False,False,0,False,0,False,False
R01052,False,False,False,False,False,False,False,False,0,False,0,False,False
R01053,False,False,False,False,False,False,False,False,0,False,0,False,False
R01054,False,False,False,False,False,False,False,False,0,False,0,False,False
R01055,False,False,False,False,False,False,False,False,0,False,0,False,False
R01056,False,False,False,False,False,False,False,False,0,False,0,False,False
R01057,False,False,False,True,False,False,False,False,1,True,1,False,True
R01058,False,False,False,False,False,False,False,False,0,False,0,False,False
R01059,False,False,False,False,False,False,False,False,0,False,0,False,False
R01060,False,False,False,False,False,False,False,False,0,False,0,False,False
R01061,False,False,False,False,False,False,False,False,0,False,0,False,False
R01062,False,False,False,False,False,False,False,False,0,False,0,False,False
R01063,False,False,False,False,False,False,False,False,0,False,0,False,False
R01064,False,False,False,False,False,False,False,False,0,False,0,False,False
R01065,False,False,False,False,False,False,False,False,0,False,0,False,False
R01066,False,False,False,False,False,False,False,False,0,False,0,False,False
R01067,False,False,False,False,False,False,False,False,0,False,0,False,False
R01068,False,False,False,False,False,False,False,False,0,False,0,False,False
R01069,False,False,False,False,False,False,False,False,0,False,0,False,False
R01070,False,False,False,True,False,False,False,False,1,True,1,False,True
R01071,False,False,False,False,False,False,False,False,0,False,0,False,False
R01072,False,False,False,False,False,False,False,False,0,False,0,False,False
R01073,False,False,False,False,False,False,False,False,0,False,0,False,False
R01074,False,False,False,False,False,False,False,False,0,False,0,False,False
R01075,False,False,False,False,False,False,False,False,0,False,0,False,False
R01076,False,False,False,False,False,False,False,False,0,False,0,False,False
R01077,False,True,False,False,False,False,False,False,1,True,1,False,True
R01078,False,False,False,False,False,False,False,False,0,False,0,False,False
R01079,False,False,False,False,False,False,False,False,0,False,0,False,False
R01080,False,False,False,False,False,False,False,False,0,False,0,False,False
R01081,False,False,False,False,False,False,False,False,0,False,0,False,False
R01082,False,False,False,False,False,False,False,False,0,False,0,False,False
R01083,False,False,False,False,False,False,False,False,0,False,0,False,False
R01084,False,False,True,False,False,False,False,False,1,True,1,False,True
R01085,False,False,False,False,False,False,False,False,0,False,0,False,False
R01086,False,False,False,False,False,False,False,False,0,False,0,False,False
R01087,False,False,False,False,False,False,False,False,0,False,0,False,False
R01088,False,False,False,False,False,False,False,False,0,False,0,False,False
R01089,False,False,False,False,False,False,False,False,0,False,0,False,False
R01090,False,False,False,False,False,False,False,False,0,False,0,False,False
R01091,False,False,False,False,False,False,False,False,0,False,0,False,False
R01092,False,False,False,False,False,False,False,False,0,False,0,False,False
R01093,False,False,False,False,False,False,False,False,0,False,0,False,False
R01094,False,False,False,False,False,False,False,False,0,False,0,False,False
R01095,False,False,False,False,False,False,False,False,0,False,0,False,False
R01096,False,False,False,False,False,False,True,False,1,True,0,True,False
R01097,False,True,False,False,False,False,False,False,1,True,1,False,True
R01098,False,False,False,False,False,False,False,False,0,False,0,False,False
R01099,False,False,False,False,False,False,False,False,0,False,0,False,False
R01100,False,False,False,False,False,False,False,False,0,False,0,False,False
R01101,False,False,False,False,False,False,False,False,0,False,0,False,False
R01102,False,False,False,False,False,False,False,False,0,False,0,False,False
R01103,False,False,False,False,False,False,False,False,0,False,0,False,False
R01104,False,False,False,False,False,False,False,False,0,False,0,False,False
R01105,False,False,False,False,False,True,False,False,1,True,1,False,True
R01106,False,False,False,False,False,False,False,False,0,False,0,False,False
R01107,False,False,False,False,False,False,False,False,0,False,0,False,False
R01108,False,False,False,False,False,False,False,False,0,False,0,False,False
R01109,False,False,False,False,False,False,False,False,0,False,0,False,False
R01110,False,False,False,False,False,False,False,False,0,False,0,False,False
R01111,False,False,False,True,False,False,False,True,2,True,2,True,False
R01112,False,True,False,False,False,False,False,False,1,True,1,False,True
R01113,False,False,False,False,False,False,False,False,0,False,0,False,False
R01114,False,False,False,False,False,False,False,False,0,False,0,False,False
R01115,False,False,False,False,False,False,False,False,0,False,0,False,False
R01116,False,False,False,False,False,False,False,False,0,False,0,False,False
R01117,False,False,False,False,False,False,False,False,0,False,0,False,False
R01118,False,False,False,True,False,False,False,False,1,True,1,False,True
R01119,False,True,False,False,False,False,False,False,1,True,1,False,True
R01120,False,False,False,False,False,False,False,False,0,False,0,False,False
R01121,False,False,False,False,False,False,False,False,0,False,0,False,False
R01122,False,False,False,False,False,False,False,False,0,False,0,False,False
R01123,False,False,False,False,False,False,False,False,0,False,0,False,False
R01124,False,False,True,False,False,False,False,False,1,True,1,False,True
R01125,False,False,False,False,False,False,False,False,0,False,0,False,False
R01126,False,False,False,False,False,False,False,False,0,False,0,False,False
R01127,False,False,False,False,False,False,False,False,0,False,0,False,False
R01128,False,False,False,False,False,False,False,False,0,False,0,False,False
R01129,False,False,False,False,False,False,False,False,0,False,0,False,False
R01130,False,False,False,False,False,False,False,True,1,True,1,False,True
R01131,False,False,False,False,False,False,False,False,0,False,0,False,False
R01132,False,False,False,False,False,False,False,False,0,False,0,False,False
R01133,False,False,False,False,False,False,False,False,0,False,0,False,False
R01134,False,False,False,False,False,True,False,False,1,True,1,False,True
R01135,False,False,False,False,False,False,False,False,0,False,0,False,False
R01136,False,False,False,False,False,False,False,False,0,False,0,False,False
R01137,False,False,False,False,False,False,False,False,0,False,0,False,False
R01138,False,False,False,False,False,True,False,False,1,True,1,False,True
R01139,False,False,False,False,False,False,False,False,0,False,0,False,False
R01140,False,False,False,True,False,False,False,False,1,True,1,False,True
R01141,False,False,False,False,False,False,False,False,0,False,0,False,False
R01142,False,False,False,False,False,False,False,False,0,False,0,False,False
R01143,False,False,False,False,False,False,False,False,0,False,0,False,False
R01144,False,False,False,False,False,False,False,False,0,False,0,False,False
R01145,False,False,False,False,False,False,False,False,0,False,0,False,False
R01146,False,False,False,False,False,False,False,False,0,False,0,False,False
R01147,False,False,False,False,False,False,False,False,0,False,0,False,False
R01148,False,False,False,False,False,False,False,False,0,False,0,False,False
R01149,False,False,False,False,False,False,False,False,0,False,0,False,False
R01150,False,False,False,False,False,False,False,False,0,False,0,False,False
R01151,False,False,False,False,False,False,False,False,0,False,0,False,False
R01152,False,False,False,False,False,True,False,False,1,True,1,False,True
R01153,False,False,False,False,False,False,False,False,0,False,0,False,False
R01154,False,False,False,False,False,False,False,False,0,False,0,False,False
R01155,False,False,False,False,False,False,False,False,0,False,0,False,False
R01156,False,False,False,False,False,False,False,False,0,False,0,False,False
R01157,False,False,False,False,False,False,False,False,0,False,0,False,False
R01158,False,False,False,True,False,False,False,False,1,True,1,False,True
R01159,False,False,False,False,False,False,False,False,0,False,0,False,False
R01160,False,False,False,False,False,False,False,False,0,False,0,False,False
R01161,False,False,False,False,False,False,False,False,0,False,0,False,False
R01162,False,False,False,False,False,False,False,False,0,False,0,False,False
R01163,False,False,False,False,False,False,False,False,0,False,0,False,False
R01164,False,False,False,False,False,False,False,False,0,False,0,False,False
R01165,False,False,False,False,False,False,False,False,0,False,0,False,False
R01166,False,False,False,False,False,False,False,False,0,False,0,False,False
R01167,False,False,False,False,False,False,False,False,0,False,0,False,False
R01168,False,False,False,False,False,False,False,False,0,False,0,False,False
R01169,False,False,False,False,False,False,False,False,0,False,0,False,False
R01170,False,False,False,False,False,False,False,False,0,False,0,False,False
R01171,False,False,False,False,False,False,False,False,0,False,0,False,False
R01172,False,False,False,False,False,False,False,False,0,False,0,False,False
R01173,False,False,False,False,False,False,False,False,0,False,0,False,False
R01174,False,False,False,False,False,False,False,False,0,False,0,False,False
R01175,False,False,False,False,False,False,False,False,0,False,0,False,False
R01176,False,False,False,False,False,False,False,False,0,False,0,False,False
R01177,False,False,False,False,False,False,False,False,0,False,0,False,False
R01178,False,False,False,False,False,False,False,False,0,False,0,False,False
R01179,False,False,False,False,False,False,False,True,1,True,1,False,True
R01180,False,False,False,False,False,False,False,False,0,False,0,False,False
R01181,False,False,False,False,False,False,False,False,0,False,0,False,False
R01182,False,False,False,False,False,False,False,False,0,False,0,False,False
R01183,False,False,True,False,False,False,False,False,1,True,1,False,True
R01184,False,False,False,False,False,False,False,False,0,False,0,False,False
R01185,False,False,False,False,False,False,False,False,0,False,0,False,False
R01186,False,False,False,False,False,False,False,False,0,False,0,False,False
R01187,False,False,True,False,False,False,False,False,1,True,1,False,True
R01188,False,False,False,False,False,False,False,False,0,False,0,False,False
R01189,False,False,False,False,False,False,False,False,0,False,0,False,False
R01190,False,False,False,False,False,False,False,False,0,False,0,False,False
R01191,False,False,False,False,False,False,False,False,0,False,0,False,False
R01192,False,False,False,False,False,False,False,False,0,False,0,False,False
R01193,False,False,False,False,False,False,False,False,0,False,0,False,False
R01194,False,False,False,False,False,False,False,False,0,False,0,False,False
R01195,False,False,False,False,False,False,False,False,0,False,0,False,False
R01196,False,False,False,False,False,False,False,False,0,False,0,False,False
R01197,False,False,False,False,False,False,False,False,0,False,0,False,False
R01198,False,False,False,False,False,False,False,False,0,False,0,False,False
R01199,False,False,False,False,False,False,False,False,0,False,0,False,False
R01200,False,False,False,False,False,False,False,False,0,False,0,False,False
R01201,True,False,False,False,False,False,False,False,1,True,0,True,False
R01202,True,False,False,False,False,False,False,False,1,True,0,True,False
R01203,True,False,False,False,False,False,False,False,1,True,0,True,False
R01204,True,False,False,False,False,False,False,False,1,True,0,True,False
R01205,True,False,False,False,False,False,False,False,1,True,0,True,False
R01206,True,False,False,False,False,False,False,False,1,True,0,True,False
R01207,True,False,False,False,False,False,False,False,1,True,0,True,False
R01208,True,False,False,False,False,False,False,False,1,True,0,True,False
R01209,True,False,False,False,False,False,False,False,1,True,0,True,False
R01210,True,False,False,False,False,False,False,False,1,True,0,True,False
R01211,True,False,False,False,False,False,False,False,1,True,0,True,False
R01212,True,False,False,False,False,False,False,False,1,True,0,True,False
R01213,True,False,False,False,False,False,False,False,1,True,0,True,False
R01214,True,False,False,False,False,True,False,False,2,True,1,True,False
R01215,True,False,False,False,False,False,False,False,1,True,0,True,False
R01216,True,False,False,False,False,False,False,False,1,True,0,True,False
R01217,True,False,False,False,False,False,False,False,1,True,0,True,False
R01218,True,False,False,False,False,False,False,False,1,True,0,True,False
R01219,True,False,False,False,False,False,False,False,1,True,0,True,False
R01220,True,False,False,False,False,False,False,False,1,True,0,True,False
R01221,True,False,False,False,False,False,False,False,1,True,0,True,False
R01222,True,False,False,False,False,False,False,False,1,True,0,True,False
R01223,True,False,False,False,False,False,False,False,1,True,0,True,False
R01224,True,False,False,False,False,False,False,False,1,True,0,True,False
R01225,True,False,False,False,False,False,False,False,1,True,0,True,False
R01226,True,False,False,False,False,False,False,False,1,True,0,True,False
R01227,True,False,False,False,False,False,False,False,1,True,0,True,False
R01228,True,False,False,False,False,False,False,False,1,True,0,True,False
R01229,True,False,False,False,False,False,False,False,1,True,0,True,False
R01230,True,False,False,False,False,False,False,False,1,True,0,True,False
R01231,True,False,False,False,False,False,False,False,1,True,0,True,False
R01232,True,False,False,False,False,False,False,False,1,True,0,True,False
R01233,True,False,False,False,False,False,False,False,1,True,0,True,False
R01234,True,False,False,False,False,False,False,False,1,True,0,True,False
R01235,True,False,False,False,False,False,False,False,1,True,0,True,False
R01236,True,False,False,False,False,False,False,False,1,True,0,True,False
R01237,True,False,False,False,False,True,False,False,2,True,1,True,False
R01238,True,False,False,False,False,False,False,False,1,True,0,True,False
R01239,True,False,False,False,False,False,False,False,1,True,0,True,False
R01240,True,False,False,False,False,False,False,False,1,True,0,True,False
R01241,True,False,False,False,False,False,False,False,1,True,0,True,False
R01242,True,False,False,False,False,False,False,False,1,True,0,True,False
R01243,True,False,False,False,False,False,False,False,1,True,0,True,False
R01244,True,False,False,False,False,False,False,False,1,True,0,True,False
R01245,True,False,False,False,False,False,False,False,1,True,0,True,False
R01246,True,False,False,False,False,False,False,False,1,True,0,True,False
R01247,True,False,False,False,False,False,False,False,1,True,0,True,False
R01248,True,False,False,False,False,False,False,False,1,True,0,True,False
R01249,True,False,False,False,False,False,False,False,1,True,0,True,False
R01250,True,False,False,False,False,False,False,False,1,True,0,True,False
